"video_url","image","duration","title","channel","style-scope 5","watch_time","posted_date","channed_status"
"https://www.youtube.com/watch?v=J7xaESAddDQ","https://i.ytimg.com/vi/J7xaESAddDQ/hqdefault.jpg?sqp=-oaymwEbCKgBEF5IVfKriqkDDggBFQAAiEIYAXABwAEG&rs=AOn4CLD9swFpeYBxSv5GQ9uMlWN7fiW7Qg","14:53","Update and Edit Blog Post - Django Blog #6","Codemy.com","•","35K views","2 years ago",""
"https://www.youtube.com/watch?v=CVEKe39VFu8","https://i.ytimg.com/vi/CVEKe39VFu8/hqdefault.jpg?sqp=-oaymwEbCKgBEF5IVfKriqkDDggBFQAAiEIYAXABwAEG&rs=AOn4CLAV-4Y65tcoG7gyt5giHl7W0IGE_A","28:24","How To Add Database Forms To A Web Page - Django Wednesdays #7","Codemy.com","•","56K views","1 year ago",""
"https://www.youtube.com/watch?v=B40bteAMM_M&list=PLCC34OHNcOtr025c1kHSPrnP18YPB-NFi","https://i.ytimg.com/vi/B40bteAMM_M/hqdefault.jpg?sqp=-oaymwEWCKgBEF5IWvKriqkDCQgBFQAAiEIYAQ==&rs=AOn4CLBzQ-wr0pD5Fc0Zilp_eptC7m3INA","37","Create A Simple Django Blog","Codemy.com","•","","",""
"https://www.youtube.com/watch?v=HHx3tTQWUx0&list=PLCC34OHNcOtqW9BJmgQPPzUpJ8hl49AGy","https://i.ytimg.com/vi/HHx3tTQWUx0/hqdefault.jpg?sqp=-oaymwEWCKgBEF5IWvKriqkDCQgBFQAAiEIYAQ==&rs=AOn4CLCYdH4tAMyI0wXXEJl3m7pJXOFrVQ","47","Django Wednesdays","Codemy.com","•","","",""
"https://www.youtube.com/watch?v=AW4NLdPMzlM","https://i.ytimg.com/vi/AW4NLdPMzlM/hqdefault.jpg?sqp=-oaymwEbCKgBEF5IVfKriqkDDggBFQAAiEIYAXABwAEG&rs=AOn4CLBwyV0p4Xcq8y7abnMPNwaD461neQ","3:57","Django Bootstrap Theme Installation","Dennis Ivy","•","112K views","3 years ago","Verified"
"https://www.youtube.com/watch?v=cUaZ0ElJ760","https://i.ytimg.com/vi/cUaZ0ElJ760/hqdefault.jpg?sqp=-oaymwEbCKgBEF5IVfKriqkDDggBFQAAiEIYAXABwAEG&rs=AOn4CLD--MslUmd9q4RAwaNZa8pfgUWCuQ","21:47","Using Fancy HTML Templates In Django - Python Django Dentist Website #4","Codemy.com","•","88K views","3 years ago",""
"https://www.youtube.com/watch?v=XapMxdIyLM8","https://i.ytimg.com/vi/XapMxdIyLM8/hqdefault.jpg?sqp=-oaymwEbCKgBEF5IVfKriqkDDggBFQAAiEIYAXABwAEG&rs=AOn4CLC_PDAFxq27jn3t_qH7ltSofOCpMA","9:49","Style Django Registration Forms - Django Wednesdays #26","Codemy.com","•","11K views","1 year ago",""
"https://www.youtube.com/watch?v=6-XXvUENY_8&list=RDCMUCFB0dxMudkws1q8w5NJEAmw&start_radio=1&rv=6-XXvUENY_8","https://i.ytimg.com/vi/6-XXvUENY_8/hqdefault.jpg?sqp=-oaymwEWCKgBEF5IWvKriqkDCQgBFQAAiEIYAQ==&rs=AOn4CLBwCjHrTuN9-6t-foITTiYBYXS1-w","Now playing","More from this channel for you","•","•","","",""
"https://www.youtube.com/watch?v=F9o4GSkSo40","https://i.ytimg.com/vi/F9o4GSkSo40/hqdefault.jpg?sqp=-oaymwEbCKgBEF5IVfKriqkDDggBFQAAiEIYAXABwAEG&rs=AOn4CLCeWWvycE8YjAJj4X8dNDOZCDmNXw","11:01","React + Django Integration Tutorial | Hello World App","Dennis Ivy","•","197K views","3 years ago","Verified"
"https://www.youtube.com/watch?v=CTrVDi3tt8o","https://i.ytimg.com/vi/CTrVDi3tt8o/hqdefault.jpg?sqp=-oaymwEbCKgBEF5IVfKriqkDDggBFQAAiEIYAXABwAEG&rs=AOn4CLDt1HL0Rol72RR3I106inVKEGGRZQ","21:25","Login With User Authentication - Django Wednesdays #21","Codemy.com","•","75K views","1 year ago",""
"https://www.youtube.com/watch?v=1v_XcJsGtyA&list=PLl1gkwYU90QkbbgUi5Q-yEXV_mPwyV1tx","https://i.ytimg.com/vi/1v_XcJsGtyA/hqdefault.jpg?sqp=-oaymwEWCKgBEF5IWvKriqkDCQgBFQAAiEIYAQ==&rs=AOn4CLASbDOGW2yyofUp0RTAEeXgvFB29g","17","Intermediate","Keep coding","•","","",""
"https://www.youtube.com/watch?v=B40bteAMM_M","https://i.ytimg.com/vi/B40bteAMM_M/hqdefault.jpg?sqp=-oaymwEbCKgBEF5IVfKriqkDDggBFQAAiEIYAXABwAEG&rs=AOn4CLCqngoQxjhucSZN9tjTnS6XC6l-HQ","18:11","Create A Simple Blog With Python and Django - Django Blog #1","Codemy.com","•","168K views","2 years ago",""
"https://www.youtube.com/watch?v=BkzYfW1H8LI","https://i.ytimg.com/vi/BkzYfW1H8LI/hqdefault.jpg?sqp=-oaymwEbCKgBEF5IVfKriqkDDggBFQAAiEIYAXABwAEG&rs=AOn4CLCGzdPBcctszdtvbWTyERh7Qyyf0w","11:49","FASTEST Way to Learn Coding and ACTUALLY Get a Job","Namanh Kapur","•","965K views","6 months ago","Verified"
"https://www.youtube.com/watch?v=UkokhawLKDU","https://i.ytimg.com/vi/UkokhawLKDU/hqdefault.jpg?sqp=-oaymwEbCKgBEF5IVfKriqkDDggBFQAAiEIYAXABwAEG&rs=AOn4CLBi6VUBJ5G12qkxKY8Uexo0DBr4ug","22:28","Heroku Webhosting for Django - Python Django Dentist Website #12","Codemy.com","•","38K views","3 years ago",""
"https://www.youtube.com/watch?v=SINx2LZ7-J0","https://i.ytimg.com/vi/SINx2LZ7-J0/hqdefault.jpg?sqp=-oaymwEbCKgBEF5IVfKriqkDDggBFQAAiEIYAXABwAEG&rs=AOn4CLBNxppLSMv-a929Eov0mXveiBNCGQ","19:51","Style Our Blog With Bootstrap - Django Blog #3","Codemy.com","•","37K views","2 years ago",""
"https://www.youtube.com/watch?v=mF5jzSXb1dc","https://i.ytimg.com/vi/mF5jzSXb1dc/hqdefault.jpg?sqp=-oaymwEbCKgBEF5IVfKriqkDDggBFQAAiEIYAXABwAEG&rs=AOn4CLA1AqLrcyocxZZzmj8i-NpQt0ZK0A","8:13","Add A Rich Text Editor To A Django Blog - Django Blog #21","Codemy.com","•","53K views","2 years ago",""
"https://www.youtube.com/watch?v=IJnccWS_sCs","https://i.ytimg.com/vi/IJnccWS_sCs/hqdefault.jpg?sqp=-oaymwEbCKgBEF5IVfKriqkDDggBFQAAiEIYAXABwAEG&rs=AOn4CLBvM_72FRn0v9ud1HS2w7t0aq84jA","2:23:30","Build a CRM App With Django - Complete Course!","Codemy.com","•","3K views","6 days ago",""
"https://www.youtube.com/watch?v=k9WqpQp8VSU","https://i.ytimg.com/vi/k9WqpQp8VSU/hqdefault.jpg?sqp=-oaymwEbCKgBEF5IVfKriqkDDggBFQAAiEIYAXABwAEG&rs=AOn4CLCR9d7J2jWnEpgMzSZ3r8nTuHHrEg","13:43","How I Would Learn To Code (If I Could Start Over)","Namanh Kapur","•","4.5M views","10 months ago","Verified"
"https://www.youtube.com/watch?v=Nxgi4qF6i1Q","https://i.ytimg.com/vi/Nxgi4qF6i1Q/hqdefault.jpg?sqp=-oaymwEbCKgBEF5IVfKriqkDDggBFQAAiEIYAXABwAEG&rs=AOn4CLCy6Fy1QdekFB6ZumrUQovRHugvvQ","10:59","Style Our Profile Page With Bootstrap - Django Blog #24","Codemy.com","•","11K views","2 years ago",""
"https://www.youtube.com/watch?v=TAH01Iy5AuE","https://i.ytimg.com/vi/TAH01Iy5AuE/hqdefault.jpg?sqp=-oaymwEbCKgBEF5IVfKriqkDDggBFQAAiEIYAXABwAEG&rs=AOn4CLD4dRmAmxe35YuscK6GYUsX6BrEqg","14:48","How To Restrict Who Can Make Blog Posts - Django Blog #17","Codemy.com","•","14K views","2 years ago",""
"https://www.youtube.com/watch?v=EX6Tt-ZW0so","https://i.ytimg.com/vi/EX6Tt-ZW0so/hqdefault.jpg?sqp=-oaymwEbCKgBEF5IVfKriqkDDggBFQAAiEIYAXABwAEG&rs=AOn4CLBjvnTeRROW0WRr8y8BK5--ob8jag","25:35","Create Update & Delete (CRUD) with  Model Forms | Django (3.0)  Crash Course Tutorials (pt 10)","Dennis Ivy","•","259K views","3 years ago","Verified"
"https://www.youtube.com/watch?v=oZwyA9lUwRk","https://i.ytimg.com/vi/oZwyA9lUwRk/hqdefault.jpg?sqp=-oaymwEbCKgBEF5IVfKriqkDDggBFQAAiEIYAXABwAEG&rs=AOn4CLDQosGwtwQKNCv0-tcRVjc6Av0iQQ","46:47","Django Stripe Payments Simplified with Donation Page","Dennis Ivy","•","52K views","2 years ago","Verified"
"https://www.youtube.com/watch?v=2MkULPXXXLk","https://i.ytimg.com/vi/2MkULPXXXLk/hqdefault.jpg?sqp=-oaymwEbCKgBEF5IVfKriqkDDggBFQAAiEIYAXABwAEG&rs=AOn4CLBwLlbx7fv03NvBXBlivs90u4Gc4Q","20:28","How To Add Blog Category Navbar Links - Django Blog #15","Codemy.com","•","18K views","2 years ago",""
"https://www.youtube.com/watch?v=Rxp3mkg2mRQ","https://i.ytimg.com/vi/Rxp3mkg2mRQ/hqdefault.jpg?sqp=-oaymwEbCKgBEF5IVfKriqkDDggBFQAAiEIYAXABwAEG&rs=AOn4CLDdr5t9gQ8d3-xUjFdZkDrM34Y_5Q","21:17","Web Forms With Flask - Python and Flask #4","Codemy.com","•","44K views","3 years ago",""
"https://www.youtube.com/watch?v=4sosXZsdy-s","https://i.ytimg.com/vi/4sosXZsdy-s/hqdefault.jpg?sqp=-oaymwEbCKgBEF5IVfKriqkDDggBFQAAiEIYAXABwAEG&rs=AOn4CLDtk5YQzFY1p_xNpc8f3-iE6SZyQg","1:18:48","Bootstrap 5 Crash Course | Website Build & Deploy","Traversy Media","•","829K views","1 year ago","Verified"
"https://www.youtube.com/watch?v=xiUTqnI6xk8","https://i.ytimg.com/vi/xiUTqnI6xk8/hqdefault.jpg?sqp=-oaymwEbCKgBEF5IVfKriqkDDggBFQAAiEIYAXABwAEG&rs=AOn4CLD1vsJqODZJhtyt2m4-vbd219ec6A","24:25","you need to learn SQL RIGHT NOW!! (SQL Tutorial for Beginners)","NetworkChuck","•","734K views","6 months ago","Verified"
"https://www.youtube.com/watch?v=QQYeipc_cik","https://i.ytimg.com/vi/QQYeipc_cik/hqdefault.jpg?sqp=-oaymwEbCKgBEF5IVfKriqkDDggBFQAAiEIYAXABwAEG&rs=AOn4CLDZVKMuZL6_Fbsc46xN7lpU0GTx0w","22:23","All useEffect Mistakes Every Junior React Developer Makes","Lama Dev","•","523K views","6 months ago","Verified"
"https://www.youtube.com/watch?v=O5YkEFLXcRg","https://i.ytimg.com/vi/O5YkEFLXcRg/hqdefault.jpg?sqp=-oaymwEbCKgBEF5IVfKriqkDDggBFQAAiEIYAXABwAEG&rs=AOn4CLB0Vidvah0_9UY0a3EcaTNiBg8YIw","14:46","Upload Images To Django - Django Wednesdays #38","Codemy.com","•","28K views","1 year ago",""
"https://www.youtube.com/watch?v=P6QHswl2PqE","https://i.ytimg.com/vi/P6QHswl2PqE/hqdefault.jpg?sqp=-oaymwEbCKgBEF5IVfKriqkDDggBFQAAiEIYAXABwAEG&rs=AOn4CLA_4RPk4u_Zoukhhk10NiqVf5G26w","18:18","Change User Password Page - Django Blog #25","Codemy.com","•","28K views","2 years ago",""
"https://www.youtube.com/watch?v=bOTadUAiDBA","https://i.ytimg.com/vi/bOTadUAiDBA/hqdefault.jpg?sqp=-oaymwEbCKgBEF5IVfKriqkDDggBFQAAiEIYAXABwAEG&rs=AOn4CLD-6_kT_kpYAZqsiCU0-bA7bcwT6g","6:24","The Junior Web Developer Portfolio That’ll Get You Hired","Dylan Yudis","•","2.8K views","2 weeks ago",""
"https://www.youtube.com/watch?v=mpfHDSmqHds","https://i.ytimg.com/vi/mpfHDSmqHds/hqdefault.jpg?sqp=-oaymwEbCKgBEF5IVfKriqkDDggBFQAAiEIYAXABwAEG&rs=AOn4CLAkNilNN9XQETGnkKowbTTPfwBUCA","19:14","Creating Blog User Logins With Authentication - Django Blog #9","Codemy.com","•","36K views","2 years ago",""
"https://www.youtube.com/watch?v=mUO9qFG5wFU","https://i.ytimg.com/vi/mUO9qFG5wFU/hqdefault.jpg?sqp=-oaymwEbCKgBEF5IVfKriqkDDggBFQAAiEIYAXABwAEG&rs=AOn4CLBRe96bi75BkRt3UuUqHan0_2yUmA","14:13","Processing Web Forms  - Django Databases #5","Codemy.com","•","12K views","3 years ago",""
"https://www.youtube.com/watch?v=PTsljbR-Cmo","https://i.ytimg.com/vi/PTsljbR-Cmo/hqdefault.jpg?sqp=-oaymwEbCKgBEF5IVfKriqkDDggBFQAAiEIYAXABwAEG&rs=AOn4CLDc4tLLwelfEEkgdo03iNSKa_sFZA","16:13","Blog Category Pages - Django Blog #13","Codemy.com","•","23K views","2 years ago",""
"https://www.youtube.com/watch?v=nWBgg2QXtSA","https://i.ytimg.com/vi/nWBgg2QXtSA/hqdefault.jpg?sqp=-oaymwEbCKgBEF5IVfKriqkDDggBFQAAiEIYAXABwAEG&rs=AOn4CLDA3VueS7axqnNMZ3GpsFtrC3e85w","13:43","Set Up Our Project - Python Django Dentist Website #3","Codemy.com","•","24K views","3 years ago",""
"https://www.youtube.com/watch?v=Alua227cOmY","https://i.ytimg.com/vi/Alua227cOmY/hqdefault.jpg?sqp=-oaymwEbCKgBEF5IVfKriqkDDggBFQAAiEIYAXABwAEG&rs=AOn4CLBa8vgLekp7IaCbzs-f32xdsmPNuQ","10:31","Customize User Profile Model - Django Blog #27","Codemy.com","•","34K views","2 years ago",""
"https://www.youtube.com/watch?v=9J1nJOivdyw","https://i.ytimg.com/vi/9J1nJOivdyw/hqdefault.jpg?sqp=-oaymwEbCKgBEF5IVfKriqkDDggBFQAAiEIYAXABwAEG&rs=AOn4CLC71X-6j9jRNGkjeXlnOkSgGmKVhw","19:40","Web Server Concepts and Examples","WebConcepts","•","152K views","2 years ago",""
"https://www.youtube.com/watch?v=CA5duCGDSUE","https://i.ytimg.com/vi/CA5duCGDSUE/hqdefault.jpg?sqp=-oaymwEbCKgBEF5IVfKriqkDDggBFQAAiEIYAXABwAEG&rs=AOn4CLAX7cm9YwVyYFAr7wDxjM6JigRXlw","14:06","Profile Pictures - Django Wednesdays Twitter #12","Codemy.com","•","450 views","22 hours ago",""
"https://www.youtube.com/watch?v=8NPOwmtupiI","https://i.ytimg.com/vi/8NPOwmtupiI/hqdefault.jpg?sqp=-oaymwEbCKgBEF5IVfKriqkDDggBFQAAiEIYAXABwAEG&rs=AOn4CLBL6TU5BkXdNwEHHe9zS2UVzNFemQ","11:57","Delete a Blog Post - Django Blog #7","Codemy.com","•","19K views","2 years ago",""
"https://www.youtube.com/watch?v=DjIFK51Mo74","https://i.ytimg.com/vi/DjIFK51Mo74/hqdefault.jpg?sqp=-oaymwEbCKgBEF5IVfKriqkDDggBFQAAiEIYAXABwAEG&rs=AOn4CLAd8KJTyKM9sLpncpRZgCxL4UuiwA","21:36","Git and Github.com For Django - Python Django Dentist Website #11","Codemy.com","•","28K views","3 years ago",""
"https://www.youtube.com/watch?v=EqjRhO5CK6A","https://i.ytimg.com/vi/EqjRhO5CK6A/hqdefault.jpg?sqp=-oaymwEbCKgBEF5IVfKriqkDDggBFQAAiEIYAXABwAEG&rs=AOn4CLBC4j8xiPZOu2PeH9tL444Vh9rznA","14:53","How To Register Users - Django Wednesdays #24","Codemy.com","•","19K views","1 year ago",""
"https://www.youtube.com/watch?v=ygzGr51dbsY","https://i.ytimg.com/vi/ygzGr51dbsY/hqdefault.jpg?sqp=-oaymwEbCKgBEF5IVfKriqkDDggBFQAAiEIYAXABwAEG&rs=AOn4CLAsFFG7NT_6ISFJhp_pOJ_rMGGqkA","17:59","How To Upload Images With Django - Django Blog #26","Codemy.com","•","71K views","2 years ago",""
"https://www.youtube.com/watch?v=_ph8GF84fX4","https://i.ytimg.com/vi/_ph8GF84fX4/hqdefault.jpg?sqp=-oaymwEbCKgBEF5IVfKriqkDDggBFQAAiEIYAXABwAEG&rs=AOn4CLDd5k-df8Fg5ebVT4I29BOppxS2EQ","20:10","Add Blog Categories - Django Blog #12","Codemy.com","•","34K views","2 years ago",""
"https://www.youtube.com/watch?v=w4ilq6Zk-08","https://i.ytimg.com/vi/w4ilq6Zk-08/hqdefault.jpg?sqp=-oaymwEbCKgBEF5IVfKriqkDDggBFQAAiEIYAXABwAEG&rs=AOn4CLB_XwpDUJH56oqxjLzW_DqubyuYtg","15:54","Contact Pages in Django - Python Django Dentist Website #6","Codemy.com","•","30K views","3 years ago",""
"https://www.youtube.com/watch?v=rHux0gMZ3Eg","https://i.ytimg.com/vi/rHux0gMZ3Eg/hqdefault.jpg?sqp=-oaymwEbCKgBEF5IVfKriqkDDggBFQAAiEIYAXABwAEG&rs=AOn4CLABWyYXrwrsfa2oZx4CyFVLG7fJjA","1:02:36","Python Django Tutorial for Beginners","Programming with Mosh","•","1.4M views","1 year ago","Verified"
"https://www.youtube.com/watch?v=zXU4y1f_1HM","https://i.ytimg.com/vi/zXU4y1f_1HM/hqdefault.jpg?sqp=-oaymwEbCKgBEF5IVfKriqkDDggBFQAAiEIYAXABwAEG&rs=AOn4CLCnVWjyDF9AvdlmbLcmxGy2TWPwhA","13:35","Order Blog Posts By Date - Django Blog #8","Codemy.com","•","18K views","2 years ago",""
"https://www.youtube.com/watch?v=-yNJk2_mI9o","https://i.ytimg.com/vi/-yNJk2_mI9o/hqdefault.jpg?sqp=-oaymwEbCKgBEF5IVfKriqkDDggBFQAAiEIYAXABwAEG&rs=AOn4CLB_smVwrRvENj2mvQcpv8e1r57LPw","7:53","How To Slugify Category Page URLs - Django Blog #14","Codemy.com","•","26K views","2 years ago",""
"https://www.youtube.com/watch?v=JD-age0BPVo","https://i.ytimg.com/vi/JD-age0BPVo/hqdefault.jpg?sqp=-oaymwEbCKgBEF5IVfKriqkDDggBFQAAiEIYAXABwAEG&rs=AOn4CLDKFdCygTWo0TR7RKLbVgg3yX9k1g","19:16","Django & React Tutorial #1 - Full Stack Web App With Python & JavaScript","Tech With Tim","•","522K views","2 years ago","Verified"
"https://www.youtube.com/watch?v=tUqUdu0Sjyc","https://i.ytimg.com/vi/tUqUdu0Sjyc/hqdefault.jpg?sqp=-oaymwEbCKgBEF5IVfKriqkDDggBFQAAiEIYAXABwAEG&rs=AOn4CLD0fSPeoqRAj_2yyB4-7zT1yW94Nw","37:43","User Registration and Login Authentication | Django (3.0)  Crash Course Tutorials (pt 14)","Dennis Ivy","•","1.1M views","3 years ago","Verified"
"https://www.youtube.com/watch?v=TBGRYkzXiTg","https://i.ytimg.com/vi/TBGRYkzXiTg/hqdefault.jpg?sqp=-oaymwEbCKgBEF5IVfKriqkDDggBFQAAiEIYAXABwAEG&rs=AOn4CLCbS3TN6Bop2BFDAjAXt2aSEjcyTw","14:37","How To Add Fields To Registration Form - Django Blog #20","Codemy.com","•","21K views","2 years ago",""
"https://www.youtube.com/watch?v=TmsD8QExZ84","https://i.ytimg.com/vi/TmsD8QExZ84/hqdefault.jpg?sqp=-oaymwEbCKgBEF5IVfKriqkDDggBFQAAiEIYAXABwAEG&rs=AOn4CLBFvusesHsCfhmWYIX-6Y8abWaz-w","22:40","Django Rest Framework | Serializers & CRUD","Dennis Ivy","•","321K views","3 years ago","Verified"
"https://www.youtube.com/watch?v=JqdUMl7HIsA","https://i.ytimg.com/vi/JqdUMl7HIsA/hqdefault.jpg?sqp=-oaymwEbCKgBEF5IVfKriqkDDggBFQAAiEIYAXABwAEG&rs=AOn4CLA-hyqQB_xYob44Kx_-g1UrfjlM5A","13:53","Creating Web Forms - Django Databases #4","Codemy.com","•","13K views","3 years ago",""
"https://www.youtube.com/watch?v=Y1Us5jVT07E","https://i.ytimg.com/vi/Y1Us5jVT07E/hqdefault.jpg?sqp=-oaymwEbCKgBEF5IVfKriqkDDggBFQAAiEIYAXABwAEG&rs=AOn4CLBQvvSFoPHVjqgX_mY6Nb9RAhR8BQ","13:30","How To Determine The Correct User To Edit Posts - Django Blog #16","Codemy.com","•","17K views","2 years ago",""
"https://www.youtube.com/watch?v=fk8seSR148E","https://i.ytimg.com/vi/fk8seSR148E/hqdefault.jpg?sqp=-oaymwEbCKgBEF5IVfKriqkDDggBFQAAiEIYAXABwAEG&rs=AOn4CLAyhRJb57mU64rcVn-IazrbT5qRug","16:03","Profile Page With Followers - Django Wednesdays Twitter #5","Codemy.com","•","1.4K views","1 month ago",""
"https://www.youtube.com/watch?v=wijwc-mZnBw","https://i.ytimg.com/vi/wijwc-mZnBw/hqdefault.jpg?sqp=-oaymwEbCKgBEF5IVfKriqkDDggBFQAAiEIYAXABwAEG&rs=AOn4CLDSiyO4rXFcjNIQqepFlzB2XzjK0g","6:00","Build A ChatGPT CODEBOT With Django! New Course - MASSIVE Discount!","Codemy.com","•","1.1K views","2 weeks ago",""
"https://www.youtube.com/watch?v=llbtoQTt4qw","https://i.ytimg.com/vi/llbtoQTt4qw/hqdefault.jpg?sqp=-oaymwEbCKgBEF5IVfKriqkDDggBFQAAiEIYAXABwAEG&rs=AOn4CLDoMgXjZQRkdc6sjmOcD50uFXWOQA","2:12:03","Django To Do List App With User Registration & Login","Dennis Ivy","•","212K views","1 year ago","Verified"
"https://www.youtube.com/watch?v=PcYpq5Gkb1I","https://i.ytimg.com/vi/PcYpq5Gkb1I/hqdefault.jpg?sqp=-oaymwEbCKgBEF5IVfKriqkDDggBFQAAiEIYAXABwAEG&rs=AOn4CLD92WXYCZDuNfjaPEiNYJsAq_AbQQ","15:44","Adding Meeps! (Tweets) - Django Wednesdays Twitter #7","Codemy.com","•","1.1K views","1 month ago",""
"https://www.youtube.com/watch?v=siUJqANJhHc","https://i.ytimg.com/vi/siUJqANJhHc/hqdefault.jpg?sqp=-oaymwEbCKgBEF5IVfKriqkDDggBFQAAiEIYAXABwAEG&rs=AOn4CLAFn5b936q__cce8ZfNORNAsuzH2w","8:48","Histograms With Matplotlib - Pandas For Machine Learning 18","Codemy.com","•","772 views","1 month ago",""
"https://www.youtube.com/watch?v=hZrlh4qU4eQ","https://i.ytimg.com/vi/hZrlh4qU4eQ/hqdefault.jpg?sqp=-oaymwEbCKgBEF5IVfKriqkDDggBFQAAiEIYAXABwAEG&rs=AOn4CLC7dquUlz3Aq-yRWILvze_H-FLuQQ","15:24","Build A Blog Comment Section - Django Blog #33","Codemy.com","•","37K views","2 years ago",""
"https://www.youtube.com/watch?v=u6IskcT14LQ","https://i.ytimg.com/vi/u6IskcT14LQ/hqdefault.jpg?sqp=-oaymwEbCKgBEF5IVfKriqkDDggBFQAAiEIYAXABwAEG&rs=AOn4CLCwa_acciwr95MfoNBls3eDmm0ENA","12:28","Follow and Unfollow Buttons - Django Wednesdays Twitter #6","Codemy.com","•","1K views","1 month ago",""
"https://www.youtube.com/watch?v=Zkb_O8-qHPs","https://i.ytimg.com/vi/Zkb_O8-qHPs/hqdefault.jpg?sqp=-oaymwEbCKgBEF5IVfKriqkDDggBFQAAiEIYAXABwAEG&rs=AOn4CLALWOIL3PLk5tVfeiXRVgDXYF-htg","7:40","How To Escape HTML For Blog Posts - Django Blog #11","Codemy.com","•","14K views","2 years ago",""
"https://www.youtube.com/watch?v=VOddmV4Xl1g","https://i.ytimg.com/vi/VOddmV4Xl1g/hqdefault.jpg?sqp=-oaymwEbCKgBEF5IVfKriqkDDggBFQAAiEIYAXABwAEG&rs=AOn4CLBDE0hmCofAAx9UTYVbdQzIi6sfOA","6:43","Model Form | Django","Dennis Ivy","•","104K views","3 years ago","Verified"
"https://www.youtube.com/watch?v=BrQrUmIOKdU","https://i.ytimg.com/vi/BrQrUmIOKdU/hqdefault.jpg?sqp=-oaymwE1CKgBEF5IVfKriqkDKAgBFQAAiEIYAXABwAEG8AEB-AH-CYAC0AWKAgwIABABGGUgRyhAMA8=&rs=AOn4CLBimC0XgbUcHEq5P2FO8Sr77Ix06w","1:01:02","Build a Custom UI with Django | CRISPY FORMS | OFFICIAL TECH","Official Tech","•","4.9K views","1 year ago",""
"https://www.youtube.com/watch?v=PXqRPqDjDgc","https://i.ytimg.com/vi/PXqRPqDjDgc/hqdefault.jpg?sqp=-oaymwEbCKgBEF5IVfKriqkDDggBFQAAiEIYAXABwAEG&rs=AOn4CLDfjy-X_AzfbD2M1Q96mJCUxr6gqw","19:35","Create Blog Like Button - Django Blog #18","Codemy.com","•","44K views","2 years ago",""
"https://www.youtube.com/watch?v=MZwKoi0wu2Q","https://i.ytimg.com/vi/MZwKoi0wu2Q/hqdefault.jpg?sqp=-oaymwEbCKgBEF5IVfKriqkDDggBFQAAiEIYAXABwAEG&rs=AOn4CLCJaVNv36sJsmQwEohXklHkwfg22g","12:20","Building Django forms with django-crispy-forms","BugBytes","•","19K views","1 year ago",""
"https://www.youtube.com/watch?v=uTxnxS0CZ-M","https://i.ytimg.com/vi/uTxnxS0CZ-M/hqdefault.jpg?sqp=-oaymwEbCKgBEF5IVfKriqkDDggBFQAAiEIYAXABwAEG&rs=AOn4CLBLjA0RbT0RKPwVR7fJuExiCZ0MHA","13:41","Django User Authentication Part 2 - Django Blog #10","Codemy.com","•","20K views","2 years ago",""
"https://www.youtube.com/watch?v=dwgIi8dspa4","https://i.ytimg.com/vi/dwgIi8dspa4/hqdefault.jpg?sqp=-oaymwEbCKgBEF5IVfKriqkDDggBFQAAiEIYAXABwAEG&rs=AOn4CLDwoxXAcCy9HqJunkWhjmEcyFyDZw","11:41","How To Create an Unlike Blog Button - Django Blog #19","Codemy.com","•","13K views","2 years ago",""
"https://www.youtube.com/watch?v=R6-pB5PAA6s","https://i.ytimg.com/vi/R6-pB5PAA6s/hqdefault.jpg?sqp=-oaymwEbCKgBEF5IVfKriqkDDggBFQAAiEIYAXABwAEG&rs=AOn4CLBUs87Fjbbi7vM9oiCos-J_Fkm10Q","6:57","Create An Edit Profile Page - Django Blog #23","Codemy.com","•","25K views","2 years ago",""
"https://www.youtube.com/watch?v=ZOo2d08nYZk","https://i.ytimg.com/vi/ZOo2d08nYZk/hqdefault.jpg?sqp=-oaymwEbCKgBEF5IVfKriqkDDggBFQAAiEIYAXABwAEG&rs=AOn4CLC0AppkkIi1qD2lesl3-JMunvWbpg","5:57","Hex Bin Plots With Matplotlib - Pandas For Machine Learning 24","Codemy.com","•","608 views","2 days ago",""
"https://www.youtube.com/watch?v=iySjsCPgTPg","https://i.ytimg.com/vi/iySjsCPgTPg/hqdefault.jpg?sqp=-oaymwEbCKgBEF5IVfKriqkDDggBFQAAiEIYAXABwAEG&rs=AOn4CLBIg9aGFbNEVO55dwCzK_1c5SsKlA","12:43","Django Styling Forms With Bootstrap Tutorial | Django for Beginners | MLittleProgramming","MLittle Programming","•","4.8K views","2 years ago",""
"https://www.youtube.com/watch?v=F5kTZdi_c5k","https://i.ytimg.com/vi/F5kTZdi_c5k/hqdefault.jpg?sqp=-oaymwEbCKgBEF5IVfKriqkDDggBFQAAiEIYAXABwAEG&rs=AOn4CLAihoPVsit0KwmeeiOgP6B6VmlGOw","12:55","Update User Profiles - Django Wednesdays Twitter #11","Codemy.com","•","504 views","6 days ago",""
"https://www.youtube.com/watch?v=kVanpjYRWVk","https://i.ytimg.com/vi/kVanpjYRWVk/hqdefault.jpg?sqp=-oaymwEbCKgBEF5IVfKriqkDDggBFQAAiEIYAXABwAEG&rs=AOn4CLAELjtOus5cSTkPq6_mR6rFT35SxQ","16:17","Logging in and Logging Out - Django Wednesdays Twitter #9","Codemy.com","•","753 views","2 weeks ago",""
"https://www.youtube.com/watch?v=NxVESQ7LpsI","https://i.ytimg.com/vi/NxVESQ7LpsI/hqdefault.jpg?sqp=-oaymwEbCKgBEF5IVfKriqkDDggBFQAAiEIYAXABwAEG&rs=AOn4CLDYC_0kmB1-vdeWiKZaewQMN7o-YA","7:08","Bar Charts With Matplotlib - Pandas For Machine Learning 20","Codemy.com","•","853 views","1 month ago",""
"https://www.youtube.com/watch?v=d213JtvjI80","https://i.ytimg.com/vi/d213JtvjI80/hqdefault.jpg?sqp=-oaymwEbCKgBEF5IVfKriqkDDggBFQAAiEIYAXABwAEG&rs=AOn4CLCq8fvO-Q5BSfdNXL9wclDR8Las5A","8:44","My Django App Writes Code For You Using ChatGPT API - New Course Questions Answered!","Codemy.com","•","1.5K views","2 weeks ago",""
"https://www.youtube.com/watch?v=puJfUyA5sDg","https://i.ytimg.com/vi/puJfUyA5sDg/hqdefault.jpg?sqp=-oaymwEbCKgBEF5IVfKriqkDDggBFQAAiEIYAXABwAEG&rs=AOn4CLDMlVC5GW1sdBgoShSGxW2_ccampw","1:58:42","Single Page Bootstrap Website From Development to Deployment (Hindi)","Geeky Shows","•","63K views","4 years ago","Verified"
"https://www.youtube.com/watch?v=3XOS_UpJirU","https://i.ytimg.com/vi/3XOS_UpJirU/hqdefault.jpg?sqp=-oaymwEbCKgBEF5IVfKriqkDDggBFQAAiEIYAXABwAEG&rs=AOn4CLAhuWKaaMfL3xq6WqOc5T9j6HCokg","29:36","Django Forms Tutorial For Beginners - Get Started Fast! (2018)","The Dumbfounds","•","158K views","4 years ago",""
"https://www.youtube.com/watch?v=rI95wyHD_6k","https://i.ytimg.com/vi/rI95wyHD_6k/hqdefault.jpg?sqp=-oaymwEbCKgBEF5IVfKriqkDDggBFQAAiEIYAXABwAEG&rs=AOn4CLD2eMyDmKV4pAL4JCo3cZp5M80FeQ","20:50","Django Models.py - Django Databases #2","Codemy.com","•","27K views","3 years ago",""
"https://www.youtube.com/watch?v=W9BjUoot2Eo","https://i.ytimg.com/vi/W9BjUoot2Eo/hqdefault.jpg?sqp=-oaymwEbCKgBEF5IVfKriqkDDggBFQAAiEIYAXABwAEG&rs=AOn4CLAjKm4D95oMe6GiRMzFlU6WGpc6VQ","55:28","React + Django To-Do App | Django REST Framework","Dennis Ivy","•","152K views","3 years ago","Verified"
"https://www.youtube.com/watch?v=BrDAGQ37rXU","https://i.ytimg.com/vi/BrDAGQ37rXU/hqdefault.jpg?sqp=-oaymwEbCKgBEF5IVfKriqkDDggBFQAAiEIYAXABwAEG&rs=AOn4CLCi7tl5BuKJP8ALDRRJgaQdMZCTzg","7:52","Scatterplots With Matplotlib - Pandas For Machine Learning 22","Codemy.com","•","535 views","2 weeks ago",""
"https://www.youtube.com/watch?v=rJ3Gcv2i0as","https://i.ytimg.com/vi/rJ3Gcv2i0as/hqdefault.jpg?sqp=-oaymwEbCKgBEF5IVfKriqkDDggBFQAAiEIYAXABwAEG&rs=AOn4CLCxXnQj3wmhUa3IAgen-Jht-1dLfg","21:51","Add Profile Pic and Social Media Links - Django Blog #28","Codemy.com","•","18K views","2 years ago",""
"https://www.youtube.com/watch?v=CnaB4Nb0-R8","https://i.ytimg.com/vi/CnaB4Nb0-R8/hqdefault.jpg?sqp=-oaymwEbCKgBEF5IVfKriqkDDggBFQAAiEIYAXABwAEG&rs=AOn4CLAtEptlNRmMm2HxDvdfOIqoOudbNg","19:47","Add Blog Posts To Django Webpage - Django Blog #2","Codemy.com","•","63K views","2 years ago",""
"https://www.youtube.com/watch?v=m3efqF9abyg","https://i.ytimg.com/vi/m3efqF9abyg/hqdefault.jpg?sqp=-oaymwEbCKgBEF5IVfKriqkDDggBFQAAiEIYAXABwAEG&rs=AOn4CLCiAVSC2pwTWjth-l2jGifWbV8S1w","","Add Blog Post Page - Django Blog #4","Codemy.com","•","43K views","2 years ago",""
"https://www.youtube.com/watch?v=zb4fIvtn4tY","https://i.ytimg.com/vi/zb4fIvtn4tY/hqdefault.jpg?sqp=-oaymwEbCKgBEF5IVfKriqkDDggBFQAAiEIYAXABwAEG&rs=AOn4CLD4lIn2ezxfKs1sTeWULIYXkzj7jQ","","Create A Blog Profile Page - Django Blog #30","Codemy.com","•","13K views","2 years ago",""
"https://www.youtube.com/watch?v=647j3b96aMs","","","DJANGO CRISPY FORMS | Updated 2022 | ADVANCED Crash Course | Bootstrap 5 | No scripts | Part #01","Django Mastery","•","12K views","7 months ago",""
"https://www.youtube.com/watch?v=OuOB9ADT_bo","","","Post Blog Comments  - Django Blog #34","Codemy.com","•","24K views","2 years ago",""
"https://www.youtube.com/watch?v=6oOHlcHkX2U","","","Try DJANGO Tutorial - 23 - Django Model Forms","CodingEntrepreneurs","•","107K views","4 years ago",""
"https://www.youtube.com/watch?v=Jyvffr3aCp0","","","Bootstrap 5 Crash Course","Web Dev Simplified","•","160K views","6 months ago",""
"https://www.youtube.com/watch?v=JeTGxvFnAaU","","","Register Users - Django Wednesdays Twitter #10","Codemy.com","•","916 views","13 days ago",""
"https://www.youtube.com/watch?v=m3efqF9abyg","https://i.ytimg.com/vi/m3efqF9abyg/hqdefault.jpg?sqp=-oaymwEbCKgBEF5IVfKriqkDDggBFQAAiEIYAXABwAEG&rs=AOn4CLCiAVSC2pwTWjth-l2jGifWbV8S1w","19:14","Add Blog Post Page - Django Blog #4","Codemy.com","•","43K views","2 years ago",""
"https://www.youtube.com/watch?v=zb4fIvtn4tY","https://i.ytimg.com/vi/zb4fIvtn4tY/hqdefault.jpg?sqp=-oaymwEbCKgBEF5IVfKriqkDDggBFQAAiEIYAXABwAEG&rs=AOn4CLD4lIn2ezxfKs1sTeWULIYXkzj7jQ","20:20","Create A Blog Profile Page - Django Blog #30","Codemy.com","•","13K views","2 years ago",""
"https://www.youtube.com/watch?v=647j3b96aMs","https://i.ytimg.com/vi/647j3b96aMs/hqdefault.jpg?sqp=-oaymwEbCKgBEF5IVfKriqkDDggBFQAAiEIYAXABwAEG&rs=AOn4CLBMLXTNqjdhnKl63gh79S_Ftr6OvA","36:10","DJANGO CRISPY FORMS | Updated 2022 | ADVANCED Crash Course | Bootstrap 5 | No scripts | Part #01","Django Mastery","•","12K views","7 months ago",""
"https://www.youtube.com/watch?v=OuOB9ADT_bo","https://i.ytimg.com/vi/OuOB9ADT_bo/hqdefault.jpg?sqp=-oaymwEbCKgBEF5IVfKriqkDDggBFQAAiEIYAXABwAEG&rs=AOn4CLD9b0-K1Tw2mrI6T0XvpuE8zQfD3g","20:04","Post Blog Comments  - Django Blog #34","Codemy.com","•","24K views","2 years ago",""
"https://www.youtube.com/watch?v=6oOHlcHkX2U","https://i.ytimg.com/vi/6oOHlcHkX2U/hqdefault.jpg?sqp=-oaymwEbCKgBEF5IVfKriqkDDggBFQAAiEIYAXABwAEG&rs=AOn4CLB8AfBFaQIghUTOMrXBmhZIDvzdZg","7:38","Try DJANGO Tutorial - 23 - Django Model Forms","CodingEntrepreneurs","•","107K views","4 years ago","Verified"
"https://www.youtube.com/watch?v=Jyvffr3aCp0","https://i.ytimg.com/vi/Jyvffr3aCp0/hqdefault.jpg?sqp=-oaymwEbCKgBEF5IVfKriqkDDggBFQAAiEIYAXABwAEG&rs=AOn4CLBhHRuq6fd3wyXg3CyRpr27qhX_QQ","1:11:15","Bootstrap 5 Crash Course","Web Dev Simplified","•","160K views","6 months ago","Verified"
"https://www.youtube.com/watch?v=JeTGxvFnAaU","https://i.ytimg.com/vi/JeTGxvFnAaU/hqdefault.jpg?sqp=-oaymwEbCKgBEF5IVfKriqkDDggBFQAAiEIYAXABwAEG&rs=AOn4CLAsBurqZhbOIRu-JW8KIAxMO-2-bg","20:47","Register Users - Django Wednesdays Twitter #10","Codemy.com","•","916 views","13 days ago",""
"https://www.youtube.com/watch?v=Y8Gj53tHzIA","https://i.ytimg.com/vi/Y8Gj53tHzIA/hqdefault.jpg?sqp=-oaymwEbCKgBEF5IVfKriqkDDggBFQAAiEIYAXABwAEG&rs=AOn4CLAEIAiV9G0vZlJh6lzw-XvoUJzISQ","5:29","Line Charts With Matplotlib - Pandas For Machine Learning 21","Codemy.com","•","743 views","1 month ago",""
"https://www.youtube.com/watch?v=C65ARlZCIZo","https://i.ytimg.com/vi/C65ARlZCIZo/hqdefault.jpg?sqp=-oaymwEbCKgBEF5IVfKriqkDDggBFQAAiEIYAXABwAEG&rs=AOn4CLBKkitfR86-u_t3TVmManjX2Nnoaw","5:57","Box Plots With Matplotlib - Pandas For Machine Learning 23","Codemy.com","•","462 views","9 days ago",""
"https://www.youtube.com/watch?v=xStAYYP8ld0","https://i.ytimg.com/vi/xStAYYP8ld0/hqdefault.jpg?sqp=-oaymwEbCKgBEF5IVfKriqkDDggBFQAAiEIYAXABwAEG&rs=AOn4CLB3fJ10EMHQT64Nj-gedI_pICXD7A","9:36","Area Plots With Matplotlib - Pandas For Machine Learning 19","Codemy.com","•","1.5K views","1 month ago",""
"https://www.youtube.com/watch?v=sWDwS-mkvME","https://i.ytimg.com/vi/sWDwS-mkvME/hqdefault.jpg?sqp=-oaymwEbCKgBEF5IVfKriqkDDggBFQAAiEIYAXABwAEG&rs=AOn4CLCO_b0to8c18IRkO6vlEq1hCqCMUg","4:06","How To Create A ChatGPT Chatbot With Tkinter and Python","Codemy.com","•","2.6K views","1 month ago",""
"https://www.youtube.com/watch?v=quJzUzCs6Q0","https://i.ytimg.com/vi/quJzUzCs6Q0/hqdefault.jpg?sqp=-oaymwEbCKgBEF5IVfKriqkDDggBFQAAiEIYAXABwAEG&rs=AOn4CLD8u9evq6tMu7riyA5l9ebHBsgxwQ","12:17","62 - Customizing Form Fields, Widgets, Placeholders, & CSS - Python & Django 3.2 Tutorial Series","CodingEntrepreneurs","•","24K views","1 year ago","Verified"
"https://www.youtube.com/watch?v=-qbsBBYYahM","https://i.ytimg.com/vi/-qbsBBYYahM/hqdefault.jpg?sqp=-oaymwEbCKgBEF5IVfKriqkDDggBFQAAiEIYAXABwAEG&rs=AOn4CLA5XF7Y5DjkmLqa1gtVaHh62nTevg","6:20","Build A ChatGPT Chatbot With Django and Python! New Course - MASSIVE Discount!","Codemy.com","•","3.2K views","1 month ago",""
"https://www.youtube.com/watch?v=jG-uJqDMpCY","https://i.ytimg.com/vi/jG-uJqDMpCY/hqdefault.jpg?sqp=-oaymwE1CKgBEF5IVfKriqkDKAgBFQAAiEIYAXABwAEG8AEB-AH-CYAC0AWKAgwIABABGCggUSh_MA8=&rs=AOn4CLCppLSU65kIWrq0x-C9mMwlM43Ajw","21:01","Solana Workshop: SolanaPay Storefront","Joseph Caulfield","•","24 views","7 days ago",""
"https://www.youtube.com/watch?v=0mCZdemSsbs","https://i.ytimg.com/vi/0mCZdemSsbs/hqdefault.jpg?sqp=-oaymwEbCKgBEF5IVfKriqkDDggBFQAAiEIYAXABwAEG&rs=AOn4CLAL7xam9rz8s_nBDqr1tXfHzalh8Q","14:55","Django Tutorial - How to Add Bootstrap","Tech With Tim","•","71K views","3 years ago","Verified"
"https://www.youtube.com/watch?v=AW4NLdPMzlM&list=PL-51WBLyFTg2zfRmcHpJvY4wEfh8EKivh","https://i.ytimg.com/vi/AW4NLdPMzlM/hqdefault.jpg?sqp=-oaymwEWCKgBEF5IWvKriqkDCQgBFQAAiEIYAQ==&rs=AOn4CLBE7kIHHm-WB2VlypArrorIQvHk9Q","17","Django How To...","Dennis Ivy","•","","","Verified"
"https://www.youtube.com/watch?v=PtQiiknWUcI","https://i.ytimg.com/vi/PtQiiknWUcI/hqdefault.jpg?sqp=-oaymwEbCKgBEF5IVfKriqkDDggBFQAAiEIYAXABwAEG&rs=AOn4CLDNd1wD4N28Uk7e0jj6_pZe1dNhpw","7:10:05","Python Django 7 Hour Course","Traversy Media","•","952K views","1 year ago","Verified"
"https://www.youtube.com/watch?v=DmEDs6SLyCs","https://i.ytimg.com/vi/DmEDs6SLyCs/hqdefault.jpg?sqp=-oaymwEbCKgBEF5IVfKriqkDDggBFQAAiEIYAXABwAEG&rs=AOn4CLBGOs0n71FSwhRC28OErf0CyNVP8A","13:13","Meep Form! - Django Wednesdays Twitter #8","Codemy.com","•","933 views","3 weeks ago",""
"https://www.youtube.com/watch?v=N6jzspc2kds","https://i.ytimg.com/vi/N6jzspc2kds/hqdefault.jpg?sqp=-oaymwEbCKgBEF5IVfKriqkDDggBFQAAiEIYAXABwAEG&rs=AOn4CLDNqNiICwIqlPdAXDjpW_BHiyNAlQ","1:11:54","Complete Django CRUD Operations","CodAffection","•","246K views","3 years ago",""
"https://www.youtube.com/watch?v=9sIE7txjY-Y","","33:46","FIRST LOOK! Next.js App Directory API Routes! (Canary Build, Brand New!)","Ethan Mick","•","673 views","6 days ago",""
"","","","","","","","",""
"https://www.youtube.com/watch?v=9sIE7txjY-Y","https://i.ytimg.com/vi/9sIE7txjY-Y/hqdefault.jpg?sqp=-oaymwEbCKgBEF5IVfKriqkDDggBFQAAiEIYAXABwAEG&rs=AOn4CLBCxV-cdhtcfeRMaVMXDjsWsDD6OQ","33:46","FIRST LOOK! Next.js App Directory API Routes! (Canary Build, Brand New!)","Ethan Mick","•","673 views","6 days ago",""
"https://www.youtube.com/watch?v=zglBdzzoDjM","https://i.ytimg.com/vi/zglBdzzoDjM/hqdefault.jpg?sqp=-oaymwEbCKgBEF5IVfKriqkDDggBFQAAiEIYAXABwAEG&rs=AOn4CLA_-2cw1mI5HLHJVed6GZAPzolEyw","11:36","Using Bootstrap in Python Django Projects Tutorial","Keep coding","•","38K views","2 years ago",""
"https://www.youtube.com/watch?v=-oQvMHpKkms","https://i.ytimg.com/vi/-oQvMHpKkms/hqdefault.jpg?sqp=-oaymwEbCKgBEF5IVfKriqkDDggBFQAAiEIYAXABwAEG&rs=AOn4CLBR-MZ1dAF4EDHlid8K9ol4dhJXMA","4:22:01","Try DJANGO TUTORIAL Series (v2.2) //  PYTHON Web Development with Django version 2.2","CodingEntrepreneurs","•","232K views","3 years ago","Verified"
"https://www.youtube.com/watch?v=1UvTNMH7zDo","","1:19:19","How to Create a Login System in Python Using Django? | Python Projects | GeeksforGeeks","GeeksforGeeks","•","369K views","1 year ago","Verified"
"https://www.youtube.com/watch?v=b0CgA_Ap_Mc","","27:59","Django Tutorial - Templates & Custom HTML","Tech With Tim","•","79K views","3 years ago","Verified"
"https://www.youtube.com/watch?v=OduVfuv44K8","","1:47:49","Python Django - Build Inline Formsets (with CBV's) Example 1","Very Academy","•","27K views","2 years ago",""
"https://www.youtube.com/watch?v=fOukA4Qh9QA","","9:01:56","Getting Started With Django Tutorial // Build a CRM","JustDjango","•","455K views","2 years ago",""
"https://www.youtube.com/watch?v=WuyKxdLcw3w","","2:20:03","Django Authentication & User Management - Full Tutorial","Tech With Tim","•","62K views","11 months ago","Verified"
"https://www.youtube.com/watch?v=qNifU_aQRio","","17:59","Navbar Bootstrap 5 |  Bootstrap Navbar Tutorial","Adrian Twarog","•","147K views","1 year ago","Verified"
"https://www.youtube.com/watch?v=6E_NeVjxCdE","","43:56","CRUD APP (Part 3) | CONVERT .HTML PAGES TO MODAL IN DJANGO 4 | With PK Techniques & Extends","Django Mastery","•","7.2K views","1 year ago",""
"https://www.youtube.com/watch?v=uJp4PaDkux0","","12:06","How Style the Forms Created by Model Forms in Django","StudyGyaan","•","13K views","1 year ago",""
"https://www.youtube.com/watch?v=F5mRW0jo-U4","","3:45:41","Python Django Web Framework - Full Course for Beginners","freeCodeCamp.org","•","3.6M views","4 years ago","Verified"
"https://www.youtube.com/watch?v=I8TRkEcw9Mg","","2:00:16","Django Blog Application - Full Tutorial 2022","Code With Stein","•","19K views","1 year ago",""
"https://www.youtube.com/watch?v=_ER9jHiylAo","","17:40","How to set up Prisma with Next.js and Postgres!","Ethan Mick","•","486 views","4 days ago",""
"https://www.youtube.com/watch?v=yubojBH8e_Q","","57:15","Solana Workshop: Solana Twitter","Joseph Caulfield","•","14 views","6 days ago",""
"https://www.youtube.com/watch?v=YfFGiulV9C4","","24:42","How To Create CSS Button Hover Effects | Hover Effect CSS","Learn With Selase","•","10 views","2 weeks ago",""
"https://www.youtube.com/watch?v=bf5wJcuMlaA","","19:57","Solana Workshop: SVG Generator","Joseph Caulfield","•","7 views","7 days ago",""
"https://www.youtube.com/watch?v=a7Js59b5P-c","","38:28","Part 1- User Register API(Python Django REST Framework) in Malayalam (മലയാളം)","PyTech code","•","12K views","2 years ago",""
"https://www.youtube.com/watch?v=Vv-zJJG0hj8","","4:10:34","Python Django 4 complete Tutorial for Beginners","Codingstrade","•","12K views","6 months ago",""
"https://www.youtube.com/watch?v=xSUm6iMtREA","","5:00:41","Build a Social Media App with Django – Python Web Framework Tutorial","freeCodeCamp.org","•","387K views","9 months ago","Verified"
"https://www.youtube.com/watch?v=_wp9LE0ywm8","","15:35","Create and use a Progress Bar in Python 3 Using Tkinter and TTK","CODINGDC","•","5.3K views","1 year ago",""
"https://www.youtube.com/watch?v=1UvTNMH7zDo","https://i.ytimg.com/vi/1UvTNMH7zDo/hqdefault.jpg?sqp=-oaymwEbCKgBEF5IVfKriqkDDggBFQAAiEIYAXABwAEG&rs=AOn4CLD4WTQCBB2NiMQQ_K6RANRcwnUqTA","1:19:19","How to Create a Login System in Python Using Django? | Python Projects | GeeksforGeeks","GeeksforGeeks","•","369K views","1 year ago","Verified"
"https://www.youtube.com/watch?v=b0CgA_Ap_Mc","https://i.ytimg.com/vi/b0CgA_Ap_Mc/hqdefault.jpg?sqp=-oaymwEbCKgBEF5IVfKriqkDDggBFQAAiEIYAXABwAEG&rs=AOn4CLDPEtLGYASoYj-J_yUj2dpo1wt_Bw","27:59","Django Tutorial - Templates & Custom HTML","Tech With Tim","•","79K views","3 years ago","Verified"
"https://www.youtube.com/watch?v=OduVfuv44K8","https://i.ytimg.com/vi/OduVfuv44K8/hqdefault.jpg?sqp=-oaymwEbCKgBEF5IVfKriqkDDggBFQAAiEIYAXABwAEG&rs=AOn4CLA5QOUU2v1jGitBWQeTjOkf1yZEvQ","1:47:49","Python Django - Build Inline Formsets (with CBV's) Example 1","Very Academy","•","27K views","2 years ago",""
"https://www.youtube.com/watch?v=fOukA4Qh9QA","https://i.ytimg.com/vi/fOukA4Qh9QA/hqdefault.jpg?sqp=-oaymwEbCKgBEF5IVfKriqkDDggBFQAAiEIYAXABwAEG&rs=AOn4CLDG175pQvufgpWBBG6jcLrSqjYHNg","9:01:56","Getting Started With Django Tutorial // Build a CRM","JustDjango","•","455K views","2 years ago",""
"https://www.youtube.com/watch?v=WuyKxdLcw3w","https://i.ytimg.com/vi/WuyKxdLcw3w/hqdefault.jpg?sqp=-oaymwEbCKgBEF5IVfKriqkDDggBFQAAiEIYAXABwAEG&rs=AOn4CLA8NBT7QYCD6WW7CBNJOlHnSG5rSg","2:20:03","Django Authentication & User Management - Full Tutorial","Tech With Tim","•","62K views","11 months ago","Verified"
"https://www.youtube.com/watch?v=qNifU_aQRio","https://i.ytimg.com/vi/qNifU_aQRio/hqdefault.jpg?sqp=-oaymwEbCKgBEF5IVfKriqkDDggBFQAAiEIYAXABwAEG&rs=AOn4CLD7mlJoW2nP1f-pJ5Y4T75JkBYilA","17:59","Navbar Bootstrap 5 |  Bootstrap Navbar Tutorial","Adrian Twarog","•","147K views","1 year ago","Verified"
"https://www.youtube.com/watch?v=6E_NeVjxCdE","https://i.ytimg.com/vi/6E_NeVjxCdE/hqdefault.jpg?sqp=-oaymwEbCKgBEF5IVfKriqkDDggBFQAAiEIYAXABwAEG&rs=AOn4CLAZwkQhMouU8fVC4QwjeBFgQTjGhw","43:56","CRUD APP (Part 3) | CONVERT .HTML PAGES TO MODAL IN DJANGO 4 | With PK Techniques & Extends","Django Mastery","•","7.2K views","1 year ago",""
"https://www.youtube.com/watch?v=uJp4PaDkux0","https://i.ytimg.com/vi/uJp4PaDkux0/hqdefault.jpg?sqp=-oaymwEbCKgBEF5IVfKriqkDDggBFQAAiEIYAXABwAEG&rs=AOn4CLDPuKUcfwTe2Yu95lo8lJ0cyc_A-w","12:06","How Style the Forms Created by Model Forms in Django","StudyGyaan","•","13K views","1 year ago",""
"https://www.youtube.com/watch?v=F5mRW0jo-U4","https://i.ytimg.com/vi/F5mRW0jo-U4/hqdefault.jpg?sqp=-oaymwEbCKgBEF5IVfKriqkDDggBFQAAiEIYAXABwAEG&rs=AOn4CLAhVqrMALZJITEsOMjFDuTg7sViUQ","3:45:41","Python Django Web Framework - Full Course for Beginners","freeCodeCamp.org","•","3.6M views","4 years ago","Verified"
"https://www.youtube.com/watch?v=I8TRkEcw9Mg","https://i.ytimg.com/vi/I8TRkEcw9Mg/hqdefault.jpg?sqp=-oaymwEbCKgBEF5IVfKriqkDDggBFQAAiEIYAXABwAEG&rs=AOn4CLCKroy0rV9lP0CI0EFOOwBMTgK7ZQ","2:00:16","Django Blog Application - Full Tutorial 2022","Code With Stein","•","19K views","1 year ago",""
"https://www.youtube.com/watch?v=_ER9jHiylAo","https://i.ytimg.com/vi/_ER9jHiylAo/hqdefault.jpg?sqp=-oaymwEbCKgBEF5IVfKriqkDDggBFQAAiEIYAXABwAEG&rs=AOn4CLB8XsRsxVzeega_M9E0BruSVdVGDA","17:40","How to set up Prisma with Next.js and Postgres!","Ethan Mick","•","486 views","4 days ago",""
"https://www.youtube.com/watch?v=yubojBH8e_Q","https://i.ytimg.com/vi/yubojBH8e_Q/hqdefault.jpg?sqp=-oaymwE1CKgBEF5IVfKriqkDKAgBFQAAiEIYAXABwAEG8AEB-AH-CYAC0AWKAgwIABABGGMgYyhjMA8=&rs=AOn4CLBCur6dWEndeuuMdFuObiC8tzlQnw","57:15","Solana Workshop: Solana Twitter","Joseph Caulfield","•","14 views","6 days ago",""
"https://www.youtube.com/watch?v=YfFGiulV9C4","https://i.ytimg.com/vi/YfFGiulV9C4/hqdefault.jpg?sqp=-oaymwEbCKgBEF5IVfKriqkDDggBFQAAiEIYAXABwAEG&rs=AOn4CLB8nwlnNxDKdE0Kzre-SAIAVUF02A","24:42","How To Create CSS Button Hover Effects | Hover Effect CSS","Learn With Selase","•","10 views","2 weeks ago",""
"https://www.youtube.com/watch?v=bf5wJcuMlaA","https://i.ytimg.com/vi/bf5wJcuMlaA/hqdefault.jpg?sqp=-oaymwE1CKgBEF5IVfKriqkDKAgBFQAAiEIYAXABwAEG8AEB-AH-CYAC0AWKAgwIABABGGcgZyhnMA8=&rs=AOn4CLB4cXkhFPQrQdn0G2sCJxsLfXC41g","19:57","Solana Workshop: SVG Generator","Joseph Caulfield","•","7 views","7 days ago",""
"https://www.youtube.com/watch?v=a7Js59b5P-c","https://i.ytimg.com/vi/a7Js59b5P-c/hqdefault.jpg?sqp=-oaymwEbCKgBEF5IVfKriqkDDggBFQAAiEIYAXABwAEG&rs=AOn4CLB1MBNDvt7eD46oRO7Ed3T3eu5Aqw","38:28","Part 1- User Register API(Python Django REST Framework) in Malayalam (മലയാളം)","PyTech code","•","12K views","2 years ago",""
"https://www.youtube.com/watch?v=Vv-zJJG0hj8","https://i.ytimg.com/vi/Vv-zJJG0hj8/hqdefault.jpg?sqp=-oaymwEbCKgBEF5IVfKriqkDDggBFQAAiEIYAXABwAEG&rs=AOn4CLBYw06vtYZbEeg4LajwJD0Bj1tMgw","4:10:34","Python Django 4 complete Tutorial for Beginners","Codingstrade","•","12K views","6 months ago",""
"https://www.youtube.com/watch?v=xSUm6iMtREA","https://i.ytimg.com/vi/xSUm6iMtREA/hqdefault.jpg?sqp=-oaymwEbCKgBEF5IVfKriqkDDggBFQAAiEIYAXABwAEG&rs=AOn4CLC1cpVDT5Vwpky0w5--VEVh1fmzLA","5:00:41","Build a Social Media App with Django – Python Web Framework Tutorial","freeCodeCamp.org","•","387K views","9 months ago","Verified"
"https://www.youtube.com/watch?v=_wp9LE0ywm8","https://i.ytimg.com/vi/_wp9LE0ywm8/hqdefault.jpg?sqp=-oaymwEbCKgBEF5IVfKriqkDDggBFQAAiEIYAXABwAEG&rs=AOn4CLDWXuAlPgBxRgSzKStsxhmNgaYs6g","15:35","Create and use a Progress Bar in Python 3 Using Tkinter and TTK","CODINGDC","•","5.3K views","1 year ago",""
"https://www.youtube.com/watch?v=rzEXSEkS8gM","https://i.ytimg.com/vi/rzEXSEkS8gM/hqdefault.jpg?sqp=-oaymwEbCKgBEF5IVfKriqkDDggBFQAAiEIYAXABwAEG&rs=AOn4CLDTI695j0jqS5JeuHb5g6ReZNxwtg","29:46","How to make a website with Python and Django - STATIC FRONTEND ASSETS (E06)","Hacker Shack","•","42K views","2 years ago","Verified"
"https://www.youtube.com/watch?v=akXfF066MY0","https://i.ytimg.com/vi/akXfF066MY0/hqdefault.jpg?sqp=-oaymwEbCKgBEF5IVfKriqkDDggBFQAAiEIYAXABwAEG&rs=AOn4CLDGNE6qW3b__qCdpfKMHTvr49SfeA","13:57","Bootstrap 5 Navbar Tutorial","A Designer Who Codes","•","111K views","2 years ago",""
"https://www.youtube.com/watch?v=JxzZxdht-XY","","2:56:24","Django Tutorial In Hindi","CodeWithHarry","•","1.3M views","2 years ago","Verified"
"https://www.youtube.com/watch?v=PS903MeNDJk","","19:33","4 - Python & Python Virtual Environment Setup on macOS - Python & Django 3.2 Tutorial Series","CodingEntrepreneurs","•","22K views","1 year ago","Verified"
"https://www.youtube.com/watch?v=U-R89TfvVbs","","5:47","Think twice about using evt.target!","Formidable","•","18 views","5 days ago",""
"https://www.youtube.com/watch?v=G63VpHX-sL4","","6:21","create Round Button in kivy | kivy tutorial for beginners 2021 | app development tutorial in python","echocoding","•","313 views","1 year ago",""
"https://www.youtube.com/watch?v=0RW4V7-a5FU","","30:54","Solana Workshop: Journal Program","Joseph Caulfield","•","7 views","7 days ago",""
"https://www.youtube.com/watch?v=bQ1eU2dIg20","","1:05:41","Deploy de aplicaciones Django a producción pt2 - #LateNightCode","codigofacilito","•","3.8K views","Streamed 11 months ago","Verified"
"https://www.youtube.com/watch?v=Au6FPjkgbUE","","6:40","How to make Popup Window with Python Tkinter - Basic GUI #6","StudyWithMe","•","7.9K views","1 year ago",""
"https://www.youtube.com/watch?v=UM_lIh2_RIQ","","48:13","Part 7 | Project 2 Netflix | REST API | Axios | TMDB | React Malayalam Tutorial | React Challenge","Brototype Malayalam","•","30K views","1 year ago","Verified"
"https://www.youtube.com/watch?v=bMknfKXIFA8","","11:55:28","React Course - Beginner's Tutorial for React JavaScript Library [2022]","freeCodeCamp.org","•","2.4M views","1 year ago","Verified"
"https://www.youtube.com/watch?v=qwFBXuEeg1U","","5:51:59","Django Ecommerce Project | Django Project | Cart,Wishlist,Payment Gateway,Login Authentication","Nilesh Technology","•","33K views","4 months ago",""
"https://www.youtube.com/watch?v=B-JSp7oMToY","","2:10:38","Fully Responsive Django Website Tutorial for Beginners in 2021 | Portfolio website| Bootstrap| Hindi","Saurabh Modi","•","10K views","1 year ago",""
"https://www.youtube.com/watch?v=8Se0EmBzxUA","","55:05","Como Integrar Bootstrap con DJANGO","Pyarmando Academy","•","1.3K views","1 year ago",""
"https://www.youtube.com/watch?v=ns7cmSaiA9E","","3:15:48","Créer une app web moderne de A à Z avec Python","Docstring","•","107K views","8 months ago",""
"https://www.youtube.com/watch?v=aPcBZMHs6uQ","","3:00","JavaScript Critical Parts 1210 CommonJS in Browsers","Fukurou Study","•","No views","5 days ago",""
"https://www.youtube.com/watch?v=4Gi1sKKn_Ts","","2:53","Tkinter create dark title bar","Unnamedbuthere _","•","1.6K views","1 year ago",""
"https://www.youtube.com/watch?v=pcEk6SPLHrc","","5:41","ChatGPT ganz einfach in die Google-Suche (Browser) einbinden","Sara-Liya","•","203 views","2 days ago",""
"https://www.youtube.com/watch?v=AgdvLpHMw28","","2:55","tkinter cursor","Tech Moha","•","126 views","1 year ago",""
"https://www.youtube.com/watch?v=FDdwS09EHlY","","22:47","Python - War (card game)","James Kimbell","•","3.1K views","1 year ago",""
"https://www.youtube.com/watch?v=JxzZxdht-XY","https://i.ytimg.com/vi/JxzZxdht-XY/hqdefault.jpg?sqp=-oaymwEbCKgBEF5IVfKriqkDDggBFQAAiEIYAXABwAEG&rs=AOn4CLCFjMksqVIrkpHt_g4qrXLzqY35fQ","2:56:24","Django Tutorial In Hindi","CodeWithHarry","•","1.3M views","2 years ago","Verified"
"https://www.youtube.com/watch?v=PS903MeNDJk","https://i.ytimg.com/vi/PS903MeNDJk/hqdefault.jpg?sqp=-oaymwEbCKgBEF5IVfKriqkDDggBFQAAiEIYAXABwAEG&rs=AOn4CLCBpgNQ0bSY1nq0XYCroSD1MkYe_Q","19:33","4 - Python & Python Virtual Environment Setup on macOS - Python & Django 3.2 Tutorial Series","CodingEntrepreneurs","•","22K views","1 year ago","Verified"
"https://www.youtube.com/watch?v=U-R89TfvVbs","https://i.ytimg.com/vi/U-R89TfvVbs/hqdefault.jpg?sqp=-oaymwEbCKgBEF5IVfKriqkDDggBFQAAiEIYAXABwAEG&rs=AOn4CLBksESHjid7enCIg679rKpypsz_6A","5:47","Think twice about using evt.target!","Formidable","•","18 views","5 days ago",""
"https://www.youtube.com/watch?v=G63VpHX-sL4","https://i.ytimg.com/vi/G63VpHX-sL4/hqdefault.jpg?sqp=-oaymwEbCKgBEF5IVfKriqkDDggBFQAAiEIYAXABwAEG&rs=AOn4CLBm_mh7yyWHI7Rce7_KRpvQRhLmuw","6:21","create Round Button in kivy | kivy tutorial for beginners 2021 | app development tutorial in python","echocoding","•","313 views","1 year ago",""
"https://www.youtube.com/watch?v=0RW4V7-a5FU","https://i.ytimg.com/vi/0RW4V7-a5FU/hqdefault.jpg?sqp=-oaymwE1CKgBEF5IVfKriqkDKAgBFQAAiEIYAXABwAEG8AEB-AH-CYAC0AWKAgwIABABGGggaChoMA8=&rs=AOn4CLDUhLDQ4sUJVwesR2Ch7sPim6yJDQ","30:54","Solana Workshop: Journal Program","Joseph Caulfield","•","7 views","7 days ago",""
"https://www.youtube.com/watch?v=bQ1eU2dIg20","https://i.ytimg.com/vi/bQ1eU2dIg20/hqdefault.jpg?sqp=-oaymwE1CKgBEF5IVfKriqkDKAgBFQAAiEIYAXABwAEG8AEB-AH-CYAC0AWKAgwIABABGDIgMih_MA8=&rs=AOn4CLBhLlhmMgupu5AQGtDzdM-DFXDNlg","1:05:41","Deploy de aplicaciones Django a producción pt2 - #LateNightCode","codigofacilito","•","3.8K views","Streamed 11 months ago","Verified"
"https://www.youtube.com/watch?v=Au6FPjkgbUE","https://i.ytimg.com/vi/Au6FPjkgbUE/hqdefault.jpg?sqp=-oaymwE1CKgBEF5IVfKriqkDKAgBFQAAiEIYAXABwAEG8AEB-AHUBoAC4AOKAgwIABABGGUgZShlMA8=&rs=AOn4CLCkppYEXf5tNo4RLH-cylQxoAmYJw","6:40","How to make Popup Window with Python Tkinter - Basic GUI #6","StudyWithMe","•","7.9K views","1 year ago",""
"https://www.youtube.com/watch?v=UM_lIh2_RIQ","https://i.ytimg.com/vi/UM_lIh2_RIQ/hqdefault.jpg?sqp=-oaymwEbCKgBEF5IVfKriqkDDggBFQAAiEIYAXABwAEG&rs=AOn4CLClLsEPbnN2I20SYGQqAtw_W6AJ-Q","48:13","Part 7 | Project 2 Netflix | REST API | Axios | TMDB | React Malayalam Tutorial | React Challenge","Brototype Malayalam","•","30K views","1 year ago","Verified"
"https://www.youtube.com/watch?v=bMknfKXIFA8","https://i.ytimg.com/vi/bMknfKXIFA8/hqdefault.jpg?sqp=-oaymwEbCKgBEF5IVfKriqkDDggBFQAAiEIYAXABwAEG&rs=AOn4CLAvAg7_6_gJcH1ENHOXmXi-kBbxVA","11:55:28","React Course - Beginner's Tutorial for React JavaScript Library [2022]","freeCodeCamp.org","•","2.4M views","1 year ago","Verified"
"https://www.youtube.com/watch?v=qwFBXuEeg1U","https://i.ytimg.com/vi/qwFBXuEeg1U/hqdefault.jpg?sqp=-oaymwEbCKgBEF5IVfKriqkDDggBFQAAiEIYAXABwAEG&rs=AOn4CLAjoQLahNKEZ40pc3Mj1CEbLrim1w","5:51:59","Django Ecommerce Project | Django Project | Cart,Wishlist,Payment Gateway,Login Authentication","Nilesh Technology","•","33K views","4 months ago",""
"https://www.youtube.com/watch?v=B-JSp7oMToY","https://i.ytimg.com/vi/B-JSp7oMToY/hqdefault.jpg?sqp=-oaymwEbCKgBEF5IVfKriqkDDggBFQAAiEIYAXABwAEG&rs=AOn4CLDAe54aNDrOrghz58ewfjmnfW0wEQ","2:10:38","Fully Responsive Django Website Tutorial for Beginners in 2021 | Portfolio website| Bootstrap| Hindi","Saurabh Modi","•","10K views","1 year ago",""
"https://www.youtube.com/watch?v=8Se0EmBzxUA","https://i.ytimg.com/vi/8Se0EmBzxUA/hqdefault.jpg?sqp=-oaymwEbCKgBEF5IVfKriqkDDggBFQAAiEIYAXABwAEG&rs=AOn4CLDPGN_KCSIwtLQ3fD1JL406v0u8Ew","55:05","Como Integrar Bootstrap con DJANGO","Pyarmando Academy","•","1.3K views","1 year ago",""
"https://www.youtube.com/watch?v=ns7cmSaiA9E","https://i.ytimg.com/vi/ns7cmSaiA9E/hqdefault.jpg?sqp=-oaymwEbCKgBEF5IVfKriqkDDggBFQAAiEIYAXABwAEG&rs=AOn4CLDy20IdGC3S30Fj5qduzuVUqWe23A","3:15:48","Créer une app web moderne de A à Z avec Python","Docstring","•","107K views","8 months ago",""
"https://www.youtube.com/watch?v=aPcBZMHs6uQ","https://i.ytimg.com/vi/aPcBZMHs6uQ/hqdefault.jpg?sqp=-oaymwE1CKgBEF5IVfKriqkDKAgBFQAAiEIYAXABwAEG8AEB-AH-CYAC0AWKAgwIABABGF0gXShdMA8=&rs=AOn4CLAYK9fsG9JG26rQ_ED-ALQh-3yx7A","3:00","JavaScript Critical Parts 1210 CommonJS in Browsers","Fukurou Study","•","No views","5 days ago",""
"https://www.youtube.com/watch?v=4Gi1sKKn_Ts","https://i.ytimg.com/vi/4Gi1sKKn_Ts/hqdefault.jpg?sqp=-oaymwEbCKgBEF5IVfKriqkDDggBFQAAiEIYAXABwAEG&rs=AOn4CLB3xnToD1Bs3Zb6cedI-nT0crk9Jw","2:53","Tkinter create dark title bar","Unnamedbuthere _","•","1.6K views","1 year ago",""
"https://www.youtube.com/watch?v=pcEk6SPLHrc","https://i.ytimg.com/vi/pcEk6SPLHrc/hqdefault.jpg?sqp=-oaymwEbCKgBEF5IVfKriqkDDggBFQAAiEIYAXABwAEG&rs=AOn4CLCGAlXWxQwUz7dEBiaW9ocl4RB2KQ","5:41","ChatGPT ganz einfach in die Google-Suche (Browser) einbinden","Sara-Liya","•","203 views","2 days ago",""
"https://www.youtube.com/watch?v=AgdvLpHMw28","https://i.ytimg.com/vi/AgdvLpHMw28/hqdefault.jpg?sqp=-oaymwEbCKgBEF5IVfKriqkDDggBFQAAiEIYAXABwAEG&rs=AOn4CLBH_JZJpRselPicwuEfupLZecJBwQ","2:55","tkinter cursor","Tech Moha","•","126 views","1 year ago",""
"https://www.youtube.com/watch?v=FDdwS09EHlY","https://i.ytimg.com/vi/FDdwS09EHlY/hqdefault.jpg?sqp=-oaymwE1CKgBEF5IVfKriqkDKAgBFQAAiEIYAXABwAEG8AEB-AHUBoAC4AOKAgwIABABGEMgUShyMA8=&rs=AOn4CLBwz9XvLQmNpH3wdSwW5iIYqJQwQw","22:47","Python - War (card game)","James Kimbell","•","3.1K views","1 year ago",""
"https://www.youtube.com/watch?v=azA3Fh_YV4A","https://i.ytimg.com/vi/azA3Fh_YV4A/hqdefault.jpg?sqp=-oaymwEbCKgBEF5IVfKriqkDDggBFQAAiEIYAXABwAEG&rs=AOn4CLDT5j_qipH9v7LJE9XTMv7ynvO5rA","57:17","How To Create a full Website Using HTML & CSS","bhvishya ki aur ek kadam","•","791 views","4 days ago",""
"https://www.youtube.com/watch?v=Dd7DpBccgrs","https://i.ytimg.com/vi/Dd7DpBccgrs/hqdefault.jpg?sqp=-oaymwEbCKgBEF5IVfKriqkDDggBFQAAiEIYAXABwAEG&rs=AOn4CLCmuC-ht114AhJTd8OFc9fLmU5fCw","3:32","How to set bold or italic text in Python? || Console Extractor || Part 3","Muhammad Faran Aiki","•","4.4K views","2 years ago",""
"https://www.youtube.com/watch?v=MJDWTyZWMBU","","4:59","Open and Close windows in Tkinter || Tkinter","Fun With Code","•","3.2K views","10 months ago",""
"https://www.youtube.com/shorts/xJNKaTXJVBY","","SHORTS","Microprocessor Project Work","Snake In Code","•","1.2K views","2 days ago",""
"https://www.youtube.com/shorts/pTaCYCO60Ng","","SHORTS","software Engineer, working late night #developer","Programmer_py","•","38 views","7 days ago",""
"https://www.youtube.com/watch?v=GhcRxZt_aRs","","8:12","Is ChatGPT is giving out users' info?","Alex Ziskind","•","6.3K views","20 hours ago",""
"https://www.youtube.com/watch?v=aTlhf2hPp4k","","LIVE","🔴 LIVE - CODE Q&A | Ask me any CODE question | !today | !support | !faq | !email | !schedule","Coding Garden","•","37 watching","",""
"https://www.youtube.com/watch?v=NWquYiEamMQ","","1:01","23 February 2023","Aaryan","•","11 views","6 days ago",""
"https://www.youtube.com/watch?v=azA3Fh_YV4A","https://i.ytimg.com/vi/azA3Fh_YV4A/hqdefault.jpg?sqp=-oaymwEbCKgBEF5IVfKriqkDDggBFQAAiEIYAXABwAEG&rs=AOn4CLDT5j_qipH9v7LJE9XTMv7ynvO5rA","57:17","How To Create a full Website Using HTML & CSS","bhvishya ki aur ek kadam","•","791 views","4 days ago",""
"https://www.youtube.com/watch?v=MJDWTyZWMBU","https://i.ytimg.com/vi/MJDWTyZWMBU/hqdefault.jpg?sqp=-oaymwEbCKgBEF5IVfKriqkDDggBFQAAiEIYAXABwAEG&rs=AOn4CLDAk1Mwqd5rABRcng1GXleqoTi1xg","4:59","Open and Close windows in Tkinter || Tkinter","Fun With Code","•","3.2K views","10 months ago",""
"https://www.youtube.com/shorts/xJNKaTXJVBY","https://i.ytimg.com/vi/xJNKaTXJVBY/hq2.jpg?sqp=-oaymwE1CKgBEF5IVfKriqkDKAgBFQAAiEIYAHABwAEG8AEB-AHOBYACgAqKAgwIABABGDsgUShyMA8=&rs=AOn4CLAt2gLOSkWhJSqbo8BKfdOyNKkWBQ","SHORTS","Microprocessor Project Work","Snake In Code","•","1.2K views","2 days ago",""
"https://www.youtube.com/shorts/pTaCYCO60Ng","https://i.ytimg.com/vi/pTaCYCO60Ng/hq2.jpg?sqp=-oaymwE1CKgBEF5IVfKriqkDKAgBFQAAiEIYAHABwAEG8AEB-AHOBYACgAqKAgwIABABGGUgZShlMA8=&rs=AOn4CLDV7zMi54EChym91Wvh0CnIymsf6w","SHORTS","software Engineer, working late night #developer","Programmer_py","•","38 views","7 days ago",""
"https://www.youtube.com/watch?v=GhcRxZt_aRs","https://i.ytimg.com/vi/GhcRxZt_aRs/hqdefault.jpg?sqp=-oaymwEbCKgBEF5IVfKriqkDDggBFQAAiEIYAXABwAEG&rs=AOn4CLAbbhb4ruEeMSWcwyHeC3VxbeoTlg","8:12","Is ChatGPT is giving out users' info?","Alex Ziskind","•","6.3K views","20 hours ago","Verified"
"https://www.youtube.com/watch?v=aTlhf2hPp4k","https://i.ytimg.com/vi/aTlhf2hPp4k/hqdefault_live.jpg?sqp=-oaymwEbCKgBEF5IVfKriqkDDggBFQAAiEIYAXABwAEG&rs=AOn4CLBtYUjPiiYLENVYih9sCRWK9TBhPg","LIVE","🔴 LIVE - CODE Q&A | Ask me any CODE question | !today | !support | !faq | !email | !schedule","Coding Garden","•","37 watching","","Verified"
"https://www.youtube.com/watch?v=NWquYiEamMQ","https://i.ytimg.com/vi/NWquYiEamMQ/hqdefault.jpg?sqp=-oaymwE1CKgBEF5IVfKriqkDKAgBFQAAiEIYAXABwAEG8AEB-AHOBYACgAqKAgwIABABGH8gOyglMA8=&rs=AOn4CLCpQ5CDA8PjTZJp7u2pd758zJEfXw","1:01","23 February 2023","Aaryan","•","11 views","6 days ago",""
"https://www.youtube.com/watch?v=Dd7DpBccgrs","data:image/gif;base64,iVBORw0KGgoAAAANSUhEUgAAAAEAAAABCAQAAAC1HAwCAAAAC0lEQVR42mN8XA8AAksBZG7LpHYAAAAASUVORK5CYII=","3:32","How to set bold or italic text in Python? || Console Extractor || Part 3","Muhammad Faran Aiki","•","4.4K views","2 years ago",""
"https://www.youtube.com/watch?v=MJDWTyZWMBU","data:image/gif;base64,iVBORw0KGgoAAAANSUhEUgAAAAEAAAABCAQAAAC1HAwCAAAAC0lEQVR42mN8XA8AAksBZG7LpHYAAAAASUVORK5CYII=","4:59","Open and Close windows in Tkinter || Tkinter","Fun With Code","•","3.2K views","10 months ago",""
"https://www.youtube.com/shorts/xJNKaTXJVBY","data:image/gif;base64,iVBORw0KGgoAAAANSUhEUgAAAAEAAAABCAQAAAC1HAwCAAAAC0lEQVR42mN8XA8AAksBZG7LpHYAAAAASUVORK5CYII=","SHORTS","Microprocessor Project Work","Snake In Code","•","1.2K views","2 days ago",""
"https://www.youtube.com/shorts/pTaCYCO60Ng","data:image/gif;base64,iVBORw0KGgoAAAANSUhEUgAAAAEAAAABCAQAAAC1HAwCAAAAC0lEQVR42mN8XA8AAksBZG7LpHYAAAAASUVORK5CYII=","SHORTS","software Engineer, working late night #developer","Programmer_py","•","38 views","7 days ago","Watch later"
"https://www.youtube.com/watch?v=GhcRxZt_aRs","data:image/gif;base64,iVBORw0KGgoAAAANSUhEUgAAAAEAAAABCAQAAAC1HAwCAAAAC0lEQVR42mN8XA8AAksBZG7LpHYAAAAASUVORK5CYII=","8:12","Is ChatGPT is giving out users' info?","Alex Ziskind","•","6.3K views","20 hours ago","Verified"
"https://www.youtube.com/watch?v=aTlhf2hPp4k","data:image/gif;base64,iVBORw0KGgoAAAANSUhEUgAAAAEAAAABCAQAAAC1HAwCAAAAC0lEQVR42mN8XA8AAksBZG7LpHYAAAAASUVORK5CYII=","LIVE","🔴 LIVE - CODE Q&A | Ask me any CODE question | !today | !support | !faq | !email | !schedule","Coding Garden","•","37 watching","","Verified"
"https://www.youtube.com/watch?v=NWquYiEamMQ","data:image/gif;base64,iVBORw0KGgoAAAANSUhEUgAAAAEAAAABCAQAAAC1HAwCAAAAC0lEQVR42mN8XA8AAksBZG7LpHYAAAAASUVORK5CYII=","1:01","23 February 2023","Aaryan","•","11 views","6 days ago",""